"Date","Price","Open","High","Low","Vol.","Change %"
"02-01-2020","125.85","124.66","126.27","124.23","2.71M","1.09%"
"03-01-2020","124.60","124.32","125.10","123.94","2.09M","-0.99%"
"06-01-2020","124.06","123.37","124.16","123.12","2.86M","-0.43%"
"07-01-2020","123.41","123.47","124.40","123.36","2.05M","-0.52%"
"08-01-2020","125.54","124.05","126.36","123.80","3.46M","1.73%"
"09-01-2020","127.81","126.49","127.88","126.39","2.79M","1.81%"
"10-01-2020","127.28","127.58","128.17","126.92","2.79M","-0.41%"
"13-01-2020","128.54","127.84","128.95","127.63","3.29M","0.99%"
"14-01-2020","128.80","128.62","130.09","128.34","3.84M","0.20%"
"15-01-2020","129.82","128.69","129.84","128.45","3.19M","0.79%"
"16-01-2020","130.55","130.50","130.93","129.71","2.42M","0.56%"
"17-01-2020","131.52","131.45","131.86","130.79","3.66M","0.74%"
"21-01-2020","130.53","131.11","131.82","130.39","3.10M","-0.75%"
"22-01-2020","131.49","130.93","132.27","130.93","2.48M","0.74%"
"23-01-2020","131.37","131.26","131.57","130.14","3.84M","-0.09%"
"24-01-2020","135.11","136.36","138.13","133.85","8.61M","2.85%"
"27-01-2020","130.64","131.15","131.98","128.87","6.43M","-3.31%"
"28-01-2020","132.45","132.00","133.87","131.14","3.71M","1.39%"
"29-01-2020","131.68","132.48","133.13","131.44","2.52M","-0.58%"
"30-01-2020","133.22","130.75","133.33","130.44","2.43M","1.17%"
"31-01-2020","129.87","132.17","132.25","129.38","3.52M","-2.51%"
"03-02-2020","131.00","130.55","132.22","130.45","2.72M","0.87%"
"04-02-2020","131.85","132.88","133.34","131.72","2.55M","0.65%"
"05-02-2020","133.60","133.43","133.80","131.29","4.08M","1.33%"
"06-02-2020","133.25","134.16","134.35","133.11","1.71M","-0.26%"
"07-02-2020","131.82","132.57","132.75","131.34","2.89M","-1.07%"
"10-02-2020","132.24","131.61","132.50","131.35","1.82M","0.32%"
"11-02-2020","132.63","133.03","133.65","132.32","1.73M","0.29%"
"12-02-2020","133.24","133.39","133.72","132.53","1.72M","0.46%"
"13-02-2020","134.46","133.15","134.67","133.06","3.18M","0.92%"
"14-02-2020","135.87","134.71","136.37","134.53","2.36M","1.05%"
"18-02-2020","135.60","135.87","136.75","134.94","2.43M","-0.20%"
"19-02-2020","136.93","136.30","137.42","136.12","1.79M","0.98%"
"20-02-2020","136.58","136.41","138.04","134.90","2.54M","-0.26%"
"21-02-2020","134.90","136.20","136.27","133.89","3.11M","-1.23%"
"24-02-2020","128.19","129.43","130.96","127.23","6.33M","-4.97%"
"25-02-2020","120.90","127.71","127.99","119.91","7.63M","-5.69%"
"26-02-2020","118.50","121.27","122.43","118.47","5.27M","-1.99%"
"27-02-2020","112.81","115.90","117.48","112.78","8.28M","-4.80%"
"28-02-2020","109.93","109.05","111.03","107.00","11.36M","-2.55%"
"02-03-2020","113.87","111.11","113.99","108.59","9.85M","3.58%"
"03-03-2020","108.01","115.02","116.40","107.00","9.29M","-5.15%"
"04-03-2020","115.70","110.25","115.79","109.25","7.47M","7.12%"
"05-03-2020","110.94","111.62","112.58","109.70","12.06M","-4.11%"
"06-03-2020","108.24","105.73","108.77","103.79","9.90M","-2.43%"
"09-03-2020","98.29","100.87","101.44","96.94","12.27M","-9.19%"
"10-03-2020","103.30","101.93","103.36","97.45","9.79M","5.10%"
"11-03-2020","95.38","100.30","100.96","93.87","8.82M","-7.67%"
"12-03-2020","83.53","87.66","89.61","81.81","12.21M","-12.42%"
"13-03-2020","99.60","90.38","100.08","84.30","12.68M","19.24%"
"16-03-2020","85.87","82.44","93.18","80.37","15.07M","-13.79%"
"17-03-2020","86.58","87.61","88.94","83.22","10.51M","0.83%"
"18-03-2020","73.75","80.02","81.52","67.00","14.36M","-14.82%"
"19-03-2020","77.07","72.54","77.89","69.79","12.33M","4.50%"
"20-03-2020","74.12","78.98","82.44","72.56","12.21M","-3.83%"
"23-03-2020","68.96","72.82","75.42","68.12","8.91M","-6.96%"
"24-03-2020","84.05","73.51","84.77","71.70","10.59M","21.88%"
"25-03-2020","90.17","87.61","96.46","85.32","11.05M","7.28%"
"26-03-2020","93.29","92.24","99.69","90.84","9.46M","3.46%"
"27-03-2020","88.73","87.94","91.97","85.82","7.00M","-4.89%"
"30-03-2020","90.27","88.51","91.39","85.27","5.56M","1.74%"
"31-03-2020","85.61","89.94","90.90","85.07","6.08M","-5.16%"
"01-04-2020","77.84","80.65","81.31","77.00","8.31M","-9.08%"
"02-04-2020","76.66","77.06","79.12","75.83","8.34M","-1.52%"
"03-04-2020","73.60","76.00","76.66","72.61","10.02M","-3.99%"
"06-04-2020","83.87","80.22","84.25","78.74","11.25M","13.95%"
"07-04-2020","87.58","91.43","93.30","87.42","8.69M","4.42%"
"08-04-2020","92.08","89.21","93.00","88.12","6.12M","5.14%"
"09-04-2020","94.82","94.59","97.85","93.46","6.90M","2.98%"
"13-04-2020","90.33","93.29","93.42","87.94","5.04M","-4.74%"
"14-04-2020","88.39","91.46","92.50","85.91","8.70M","-2.15%"
"15-04-2020","83.79","83.43","85.40","80.68","10.42M","-5.20%"
"16-04-2020","81.35","83.79","83.94","80.33","7.53M","-2.91%"
"17-04-2020","87.39","85.32","87.39","84.28","8.27M","7.42%"
"20-04-2020","84.01","84.59","85.27","82.69","6.14M","-3.87%"
"21-04-2020","81.52","80.73","82.45","79.47","7.36M","-2.96%"
"22-04-2020","82.54","83.60","83.66","81.97","5.13M","1.25%"
"23-04-2020","82.46","83.24","84.78","81.71","5.81M","-0.10%"
"24-04-2020","83.17","84.13","84.78","81.31","9.13M","0.86%"
"27-04-2020","85.06","83.47","85.15","82.34","7.79M","2.27%"
"28-04-2020","88.19","87.56","88.96","86.21","7.17M","3.68%"
"29-04-2020","96.12","91.75","96.39","90.89","9.40M","8.99%"
"30-04-2020","91.25","93.75","94.31","91.17","6.55M","-5.07%"
"01-05-2020","88.32","88.10","89.07","87.16","4.62M","-3.21%"
"04-05-2020","86.38","86.09","87.37","85.02","4.88M","-2.20%"
"05-05-2020","86.74","88.00","88.73","86.36","4.41M","0.42%"
"06-05-2020","84.00","87.49","87.76","83.86","4.72M","-3.16%"
"07-05-2020","86.73","85.30","87.37","84.93","4.63M","3.25%"
"08-05-2020","89.50","88.50","89.66","87.55","3.92M","3.19%"
"11-05-2020","85.33","87.50","87.65","85.30","5.92M","-4.66%"
"12-05-2020","83.14","86.10","87.26","83.10","5.50M","-2.57%"
"13-05-2020","78.03","82.00","82.13","77.40","10.68M","-6.15%"
"14-05-2020","83.81","76.92","83.90","76.00","10.63M","7.41%"
"15-05-2020","82.22","82.47","83.39","81.22","6.62M","-1.90%"
"18-05-2020","88.41","86.72","89.00","85.92","7.79M","7.53%"
"19-05-2020","87.26","88.42","89.84","86.61","4.92M","-1.30%"
"20-05-2020","90.73","89.18","91.34","88.77","5.22M","3.98%"
"21-05-2020","89.83","90.11","91.43","89.12","6.24M","-0.99%"
"22-05-2020","89.33","89.71","89.94","88.21","3.73M","-0.56%"
"26-05-2020","94.32","93.94","95.57","92.89","6.56M","5.59%"
"27-05-2020","101.23","100.00","101.69","96.80","11.01M","7.33%"
"28-05-2020","98.06","101.54","102.46","98.01","9.27M","-3.13%"
"29-05-2020","95.07","95.50","97.11","94.66","7.71M","-3.05%"
"01-06-2020","96.75","95.56","98.07","94.56","4.27M","1.77%"
"02-06-2020","99.07","98.60","100.49","98.17","5.43M","2.40%"
"03-06-2020","105.40","102.78","105.87","101.63","7.30M","6.39%"
"04-06-2020","106.54","103.47","107.43","103.23","5.84M","1.08%"
"05-06-2020","109.73","114.11","115.93","108.07","10.10M","2.99%"
"08-06-2020","113.67","111.91","113.71","110.64","6.80M","3.59%"
"09-06-2020","110.46","110.08","111.80","108.67","5.52M","-2.82%"
"10-06-2020","106.16","110.00","110.33","105.96","5.75M","-3.89%"
"11-06-2020","98.60","100.87","102.99","98.13","8.60M","-7.12%"
"12-06-2020","101.68","103.21","103.50","98.08","7.25M","3.12%"
"15-06-2020","103.95","100.00","104.74","97.62","6.48M","2.23%"
"16-06-2020","105.62","109.02","109.06","102.86","6.71M","1.61%"
"17-06-2020","103.96","105.67","106.12","103.83","4.41M","-1.57%"
"18-06-2020","102.16","102.14","103.49","101.27","3.65M","-1.73%"
"19-06-2020","100.94","104.23","104.23","99.32","7.59M","-1.19%"
"22-06-2020","99.44","98.00","100.50","97.95","4.80M","-1.49%"
"23-06-2020","99.42","100.94","101.65","99.25","4.36M","-0.02%"
"24-06-2020","95.48","97.65","98.27","95.00","5.96M","-3.96%"
"25-06-2020","97.85","94.61","98.12","93.76","5.20M","2.48%"
"26-06-2020","93.42","95.93","96.30","92.45","10.49M","-4.53%"
"29-06-2020","94.52","94.44","95.41","93.34","4.96M","1.18%"
"30-06-2020","95.20","94.16","95.60","93.57","4.37M","0.72%"
"01-07-2020","94.05","95.25","96.96","93.64","3.30M","-1.21%"
"02-07-2020","94.33","96.77","97.29","93.85","4.24M","0.30%"
"06-07-2020","96.58","96.51","97.90","95.84","4.06M","2.39%"
"07-07-2020","93.01","95.44","95.51","92.63","5.56M","-3.70%"
"08-07-2020","92.90","91.97","93.10","90.71","6.38M","-0.12%"
"09-07-2020","90.57","92.51","93.21","89.58","4.48M","-2.51%"
"10-07-2020","93.23","90.32","93.31","89.82","4.40M","2.94%"
"13-07-2020","93.56","94.24","95.76","92.78","4.82M","0.35%"
"14-07-2020","94.84","93.19","95.22","92.29","4.04M","1.37%"
"15-07-2020","97.36","96.66","97.78","96.39","5.41M","2.66%"
"16-07-2020","96.32","96.50","97.79","95.67","2.67M","-1.07%"
"17-07-2020","95.18","96.35","96.53","95.01","2.87M","-1.18%"
"20-07-2020","94.00","94.80","95.36","93.58","3.56M","-1.24%"
"21-07-2020","96.33","95.25","97.46","94.73","4.23M","2.48%"
"22-07-2020","96.54","95.81","97.41","95.38","4.36M","0.22%"
"23-07-2020","96.67","95.51","97.78","95.51","4.24M","0.13%"
"24-07-2020","95.33","95.30","97.15","93.30","4.79M","-1.39%"
"27-07-2020","95.79","94.64","95.98","93.64","3.50M","0.48%"
"28-07-2020","94.42","95.76","96.29","94.18","3.57M","-1.43%"
"29-07-2020","96.69","94.71","96.75","94.44","2.79M","2.40%"
"30-07-2020","94.65","94.68","94.78","92.50","3.86M","-2.11%"
"31-07-2020","93.32","94.31","94.45","92.23","4.09M","-1.41%"
"03-08-2020","93.54","93.31","94.40","92.44","2.87M","0.24%"
"04-08-2020","93.19","93.49","93.80","92.49","2.42M","-0.37%"
"05-08-2020","95.39","93.82","95.58","93.81","2.85M","2.36%"
"06-08-2020","95.92","95.18","96.26","94.48","2.70M","0.56%"
"07-08-2020","99.16","95.29","99.30","94.95","4.69M","3.38%"
"10-08-2020","101.62","99.49","102.64","99.26","5.25M","2.48%"
"11-08-2020","103.26","103.99","105.70","102.96","4.74M","1.61%"
"12-08-2020","101.68","104.76","104.80","100.68","3.41M","-1.53%"
"13-08-2020","100.42","100.53","101.83","99.50","3.27M","-1.24%"
"14-08-2020","100.41","99.66","101.29","99.27","1.96M","-0.01%"
"17-08-2020","97.55","99.92","100.00","97.44","7.49M","-2.85%"
"18-08-2020","96.67","98.19","98.83","96.47","3.34M","-0.90%"
"19-08-2020","96.89","96.82","97.91","95.89","3.08M","0.23%"
"20-08-2020","96.72","95.74","97.58","95.68","3.10M","-0.18%"
"21-08-2020","96.15","96.49","97.65","95.96","2.85M","-0.59%"
"24-08-2020","99.33","96.68","99.37","96.39","4.14M","3.31%"
"25-08-2020","99.05","100.62","100.79","98.03","2.95M","-0.28%"
"26-08-2020","98.40","98.56","99.14","97.81","2.94M","-0.66%"
"27-08-2020","101.53","98.76","102.14","98.53","3.99M","3.18%"
"28-08-2020","102.54","102.15","102.90","100.74","4.38M","0.99%"
"31-08-2020","101.59","102.90","102.90","101.36","4.67M","-0.93%"
"01-09-2020","102.47","100.54","102.78","100.16","3.14M","0.87%"
"02-09-2020","104.40","102.58","104.87","102.29","3.54M","1.88%"
"03-09-2020","104.46","104.97","109.03","103.85","6.75M","0.06%"
"04-09-2020","105.67","106.35","108.28","104.48","5.24M","1.16%"
"08-09-2020","103.67","104.42","105.08","103.30","4.52M","-1.89%"
"09-09-2020","103.78","104.57","104.71","102.69","2.47M","0.11%"
"10-09-2020","102.77","104.19","105.11","102.31","3.29M","-0.97%"
"11-09-2020","103.36","102.91","103.85","102.01","2.60M","0.57%"
"14-09-2020","107.27","104.65","107.69","104.22","3.62M","3.78%"
"15-09-2020","106.68","107.84","108.12","106.24","3.37M","-0.55%"
"16-09-2020","105.98","106.73","107.49","104.69","5.80M","-0.66%"
"17-09-2020","104.66","104.27","105.35","103.32","3.22M","-1.25%"
"18-09-2020","103.44","104.46","106.12","103.31","6.63M","-1.17%"
"21-09-2020","98.17","100.60","100.63","96.21","8.34M","-5.09%"
"22-09-2020","98.48","98.01","99.78","96.41","4.88M","0.32%"
"23-09-2020","95.56","95.76","97.10","95.09","9.43M","-2.97%"
"24-09-2020","95.45","95.34","96.90","93.71","4.25M","-0.12%"
"25-09-2020","96.26","94.68","96.85","94.46","2.78M","0.85%"
"28-09-2020","98.82","99.00","99.72","98.63","3.93M","2.66%"
"29-09-2020","97.75","98.74","99.35","97.23","3.20M","-1.08%"
"30-09-2020","100.25","98.23","101.52","98.23","5.06M","2.56%"
"01-10-2020","101.33","100.33","101.48","99.37","4.18M","1.08%"
"02-10-2020","101.61","99.78","103.14","98.63","3.78M","0.28%"
"05-10-2020","103.89","103.33","104.08","102.27","2.86M","2.24%"
"06-10-2020","101.76","105.01","105.29","101.32","3.31M","-2.05%"
"07-10-2020","103.38","102.81","104.15","102.39","3.05M","1.59%"
"08-10-2020","106.06","104.33","106.14","104.06","2.92M","2.59%"
"09-10-2020","106.34","105.99","107.21","105.24","3.51M","0.26%"
"12-10-2020","106.61","106.46","107.01","106.00","2.63M","0.25%"
"13-10-2020","105.01","105.89","106.59","104.76","2.60M","-1.50%"
"14-10-2020","104.81","105.38","106.27","104.76","2.83M","-0.19%"
"15-10-2020","104.43","103.44","104.89","103.02","2.70M","-0.36%"
"16-10-2020","104.91","104.65","105.68","104.20","2.39M","0.46%"
"19-10-2020","102.47","105.13","105.22","102.25","3.20M","-2.33%"
"20-10-2020","103.14","102.94","104.61","102.83","2.96M","0.65%"
"21-10-2020","101.43","103.17","103.39","101.36","2.59M","-1.66%"
"22-10-2020","104.79","101.70","104.86","101.57","3.75M","3.31%"
"23-10-2020","100.98","100.63","103.64","100.00","8.92M","-3.64%"
"26-10-2020","96.88","99.77","100.10","95.78","5.73M","-4.06%"
"27-10-2020","94.93","97.62","97.70","94.90","3.78M","-2.01%"
"28-10-2020","91.60","91.96","93.57","91.00","7.04M","-3.51%"
"29-10-2020","91.07","91.41","92.23","90.13","5.42M","-0.58%"
"30-10-2020","91.24","90.80","91.32","89.11","4.74M","0.19%"
"02-11-2020","93.40","92.96","94.13","92.27","3.57M","2.37%"
"03-11-2020","96.29","94.75","96.85","94.40","4.00M","3.09%"
"04-11-2020","96.40","94.00","97.82","92.86","4.55M","0.11%"
"05-11-2020","98.11","97.21","98.32","96.84","4.20M","1.77%"
"06-11-2020","96.69","98.52","98.64","96.27","3.13M","-1.45%"
"09-11-2020","117.37","110.54","119.81","110.19","17.26M","21.39%"
"10-11-2020","115.95","118.59","119.89","115.12","7.06M","-1.21%"
"11-11-2020","111.12","115.93","116.00","110.30","5.64M","-4.17%"
"12-11-2020","111.10","109.82","112.12","109.55","4.94M","-0.02%"
"13-11-2020","114.99","112.34","115.64","112.21","4.81M","3.50%"
"16-11-2020","118.67","119.10","120.39","116.75","5.34M","3.20%"
"17-11-2020","116.48","116.97","117.79","114.14","4.02M","-1.85%"
"18-11-2020","114.24","116.94","118.76","114.19","3.26M","-1.92%"
"19-11-2020","114.14","113.78","114.80","112.53","3.25M","-0.09%"
"20-11-2020","112.58","113.74","114.54","111.90","3.70M","-1.37%"
"23-11-2020","116.09","114.24","116.78","113.72","3.02M","3.12%"
"24-11-2020","120.39","119.00","120.84","117.89","6.17M","3.70%"
"25-11-2020","120.58","119.50","120.98","118.25","4.65M","0.16%"
"27-11-2020","120.59","120.53","121.69","119.79","2.45M","0.01%"
"30-11-2020","118.59","120.03","121.48","118.00","3.52M","-1.66%"
"01-12-2020","119.93","120.32","122.57","119.85","3.58M","1.13%"
"02-12-2020","122.33","119.28","122.85","118.90","3.27M","2.00%"
"03-12-2020","123.12","122.85","123.95","122.11","4.29M","0.65%"
"04-12-2020","125.04","124.35","125.32","123.85","5.05M","1.56%"
"07-12-2020","123.94","124.51","124.87","122.63","4.25M","-0.88%"
"08-12-2020","123.52","122.47","124.55","122.02","3.62M","-0.34%"
"09-12-2020","121.69","123.28","123.96","121.01","3.62M","-1.48%"
"10-12-2020","121.84","120.72","122.13","119.70","2.82M","0.12%"
"11-12-2020","120.23","120.11","120.50","118.84","2.94M","-1.32%"
"14-12-2020","117.36","121.73","121.79","116.65","5.34M","-2.39%"
"15-12-2020","119.10","118.79","119.31","115.56","4.53M","1.48%"
"16-12-2020","119.00","118.93","119.59","118.28","2.94M","-0.08%"
"17-12-2020","118.98","119.41","119.67","118.46","3.75M","-0.02%"
"18-12-2020","117.51","118.59","119.36","116.65","8.39M","-1.24%"
"21-12-2020","116.41","115.77","118.00","113.72","4.53M","-0.94%"
"22-12-2020","114.55","116.19","116.26","114.38","3.63M","-1.60%"
"23-12-2020","116.95","115.78","118.19","115.78","2.73M","2.10%"
"24-12-2020","117.35","116.93","117.44","115.82","706.97K","0.34%"
"28-12-2020","118.36","118.05","119.35","117.60","1.88M","0.86%"
"29-12-2020","118.14","119.24","119.35","118.00","1.86M","-0.19%"
"30-12-2020","119.43","118.25","119.95","118.15","1.95M","1.09%"
"31-12-2020","120.91","119.71","121.06","119.16","1.75M","1.24%"
"04-01-2021","118.04","121.30","121.80","116.85","3.47M","-2.37%"
"05-01-2021","118.67","118.26","119.28","117.10","2.11M","0.53%"
"06-01-2021","123.06","121.00","124.73","120.81","5.86M","3.70%"
"07-01-2021","121.66","124.10","125.69","117.35","8.70M","-1.14%"
"08-01-2021","121.78","122.07","122.19","119.52","2.93M","0.10%"
"11-01-2021","121.06","120.42","121.41","119.39","3.31M","-0.59%"
"12-01-2021","121.62","122.00","122.32","120.72","2.67M","0.46%"
"13-01-2021","122.40","121.60","123.89","121.16","3.68M","0.64%"
"14-01-2021","123.78","122.65","124.50","122.08","3.40M","1.13%"
"15-01-2021","122.15","122.48","122.86","121.71","3.95M","-1.32%"
"19-01-2021","126.75","125.49","128.06","124.24","5.82M","3.77%"
"20-01-2021","128.94","127.19","129.54","127.07","4.09M","1.73%"
"21-01-2021","127.43","128.29","128.89","126.10","3.66M","-1.17%"
"22-01-2021","126.14","125.74","127.06","124.88","2.96M","-1.01%"
"25-01-2021","121.15","124.24","125.00","120.32","6.16M","-3.96%"
"26-01-2021","116.15","118.75","120.29","115.72","8.93M","-4.13%"
"27-01-2021","114.09","114.86","116.80","112.10","5.82M","-1.77%"
"28-01-2021","118.97","117.43","120.38","116.60","5.79M","4.28%"
"29-01-2021","116.26","117.74","118.39","115.81","5.06M","-2.28%"
"01-02-2021","117.03","117.70","119.29","117.00","3.36M","0.66%"
"02-02-2021","120.70","118.29","122.42","118.28","4.04M","3.14%"
"03-02-2021","120.44","120.08","120.98","119.56","2.78M","-0.22%"
"04-02-2021","124.90","120.99","125.41","120.80","3.92M","3.70%"
"05-02-2021","126.28","126.62","127.34","125.63","3.18M","1.10%"
"08-02-2021","127.99","126.87","128.40","126.75","3.36M","1.35%"
"09-02-2021","126.68","127.65","127.66","126.20","2.17M","-1.02%"
"10-02-2021","128.23","127.63","128.70","126.84","2.93M","1.22%"
"11-02-2021","128.31","127.45","129.12","126.98","3.73M","0.06%"
"12-02-2021","129.62","128.19","130.46","128.00","2.87M","1.02%"
"16-02-2021","130.68","128.91","130.91","128.25","2.73M","0.82%"
"17-02-2021","128.56","130.08","131.16","128.44","3.20M","-1.62%"
"18-02-2021","128.49","127.49","128.83","126.07","2.27M","-0.05%"
"19-02-2021","131.71","129.49","133.36","129.49","3.42M","2.51%"
"22-02-2021","135.95","131.51","136.47","131.37","3.92M","3.22%"
"23-02-2021","136.94","136.47","138.31","134.28","4.81M","0.73%"
"24-02-2021","139.89","137.20","140.95","136.81","4.10M","2.15%"
"25-02-2021","137.08","140.62","140.64","136.37","3.61M","-2.01%"
"26-02-2021","135.26","137.10","138.25","133.79","3.65M","-1.33%"
"01-03-2021","138.71","138.18","139.77","138.12","2.97M","2.55%"
"02-03-2021","139.25","138.24","140.19","138.08","2.93M","0.39%"
"03-03-2021","142.59","140.00","144.25","140.00","4.39M","2.40%"
"04-03-2021","142.68","142.15","144.11","139.95","4.46M","0.06%"
"05-03-2021","147.33","144.66","147.96","142.08","5.05M","3.26%"
"08-03-2021","150.27","147.28","151.46","146.72","4.28M","2.00%"
"09-03-2021","145.10","148.58","149.08","144.11","5.81M","-3.44%"
"10-03-2021","146.75","145.70","148.29","145.44","3.05M","1.14%"
"11-03-2021","147.75","146.00","147.82","145.13","3.15M","0.68%"
"12-03-2021","148.54","149.10","150.64","148.02","2.42M","0.53%"
"15-03-2021","146.99","148.04","148.92","146.03","2.59M","-1.04%"
"16-03-2021","143.30","147.25","147.26","142.82","4.03M","-2.51%"
"17-03-2021","144.68","144.76","144.82","141.90","3.28M","0.96%"
"18-03-2021","142.58","145.49","145.50","142.07","3.17M","-1.45%"
"19-03-2021","140.71","141.90","141.94","139.74","5.10M","-1.31%"
"22-03-2021","139.95","139.49","140.99","138.81","2.27M","-0.54%"
"23-03-2021","136.08","138.94","139.50","135.13","4.91M","-2.77%"
"24-03-2021","138.42","137.97","140.04","137.61","2.64M","1.72%"
"25-03-2021","142.28","137.95","142.53","136.76","2.77M","2.79%"
"26-03-2021","143.73","143.74","143.98","141.05","2.69M","1.02%"
"29-03-2021","142.37","141.98","143.07","140.31","2.22M","-0.95%"
"30-03-2021","143.49","142.90","144.48","142.61","2.03M","0.79%"
"31-03-2021","141.44","142.98","143.26","141.35","2.96M","-1.43%"
"01-04-2021","144.57","142.34","144.63","142.21","2.63M","2.21%"
"05-04-2021","146.06","146.91","147.48","145.61","2.96M","1.03%"
"06-04-2021","146.15","145.98","146.53","144.38","2.85M","0.06%"
"07-04-2021","147.13","147.42","148.36","145.72","2.40M","0.67%"
"08-04-2021","147.04","146.80","147.16","144.68","2.30M","-0.06%"
"09-04-2021","147.78","148.21","148.44","146.69","1.78M","0.50%"
"12-04-2021","147.57","147.26","147.77","146.41","1.87M","-0.14%"
"13-04-2021","145.99","146.55","146.60","143.84","2.13M","-1.07%"
"14-04-2021","147.42","145.81","148.75","145.70","2.14M","0.98%"
"15-04-2021","148.53","147.51","148.59","145.50","2.90M","0.75%"
"16-04-2021","149.99","149.71","150.45","148.69","3.48M","0.98%"
"19-04-2021","148.54","149.19","149.51","147.80","2.26M","-0.97%"
"20-04-2021","145.10","147.21","147.50","144.51","2.53M","-2.32%"
"21-04-2021","147.18","144.00","147.38","143.02","2.16M","1.43%"
"22-04-2021","147.16","147.57","148.92","145.87","3.25M","-0.01%"
"23-04-2021","144.33","141.54","144.98","140.68","6.40M","-1.92%"
"26-04-2021","150.34","146.80","151.12","145.56","4.82M","4.16%"
"27-04-2021","150.36","150.70","150.88","148.85","2.69M","0.01%"
"28-04-2021","152.54","150.68","153.46","149.44","2.58M","1.45%"
"29-04-2021","154.63","153.85","155.08","152.09","2.64M","1.37%"
"30-04-2021","153.35","153.60","154.04","152.48","2.71M","-0.83%"
"03-05-2021","154.80","154.59","156.05","154.01","2.73M","0.95%"
"04-05-2021","154.53","154.48","155.74","152.84","3.03M","-0.17%"
"05-05-2021","156.39","154.87","156.73","154.32","3.00M","1.20%"
"06-05-2021","156.88","156.86","157.51","154.02","2.80M","0.31%"
"07-05-2021","158.98","155.61","159.26","155.34","2.62M","1.34%"
"10-05-2021","158.68","159.75","160.69","158.50","2.99M","-0.19%"
"11-05-2021","154.43","156.46","157.79","153.65","3.90M","-2.68%"
"12-05-2021","152.30","154.72","155.90","152.07","3.49M","-1.38%"
"13-05-2021","154.08","152.41","154.81","151.81","2.27M","1.17%"
"14-05-2021","157.15","155.39","157.93","154.53","1.89M","1.99%"
"17-05-2021","156.86","157.05","157.38","155.88","1.54M","-0.18%"
"18-05-2021","154.99","157.36","158.30","154.86","2.42M","-1.19%"
"19-05-2021","154.73","152.07","154.77","151.72","3.53M","-0.17%"
"20-05-2021","155.53","155.47","156.25","153.93","3.03M","0.52%"
"21-05-2021","156.87","156.70","158.81","156.35","3.42M","0.86%"
"24-05-2021","158.64","157.70","158.90","156.95","1.96M","1.13%"
"25-05-2021","158.01","159.07","160.08","157.74","2.48M","-0.40%"
"26-05-2021","158.58","158.16","159.38","157.37","3.73M","0.36%"
"27-05-2021","159.74","159.98","160.29","158.85","2.83M","0.73%"
"28-05-2021","160.13","160.26","160.63","158.86","2.44M","0.24%"
"01-06-2021","163.76","162.51","164.11","161.55","3.83M","2.27%"
"02-06-2021","164.12","164.61","165.69","163.32","3.38M","0.22%"
"03-06-2021","164.52","163.68","165.42","162.82","2.45M","0.24%"
"04-06-2021","165.00","165.00","165.73","163.32","3.24M","0.29%"
"07-06-2021","165.92","165.63","166.65","165.37","2.52M","0.56%"
"08-06-2021","166.51","164.86","167.14","163.63","2.49M","0.36%"
"09-06-2021","164.09","165.27","166.14","163.80","2.70M","-1.45%"
"10-06-2021","162.23","165.18","165.21","162.12","3.02M","-1.13%"
"11-06-2021","164.51","163.00","164.54","162.51","1.63M","1.41%"
"14-06-2021","163.81","164.30","164.88","163.11","2.13M","-0.43%"
"15-06-2021","166.27","163.93","166.90","163.80","3.73M","1.50%"
"16-06-2021","164.68","165.78","166.65","164.27","3.28M","-0.96%"
"17-06-2021","162.13","165.97","166.00","160.53","4.19M","-1.55%"
"18-06-2021","158.17","158.70","159.67","157.25","6.90M","-2.44%"
"21-06-2021","164.90","160.08","165.21","159.13","3.68M","4.25%"
"22-06-2021","164.50","163.42","165.24","162.46","2.70M","-0.24%"
"23-06-2021","166.02","165.03","166.86","164.79","2.33M","0.92%"
"24-06-2021","168.21","167.05","168.58","166.41","2.42M","1.32%"
"25-06-2021","169.45","168.45","170.41","168.45","9.19M","0.74%"
"28-06-2021","164.78","168.62","168.85","163.20","3.43M","-2.76%"
"29-06-2021","164.25","165.57","166.32","163.23","2.79M","-0.32%"
"30-06-2021","165.23","163.70","166.16","163.70","2.33M","0.60%"
"01-07-2021","166.94","165.65","167.37","164.69","2.69M","1.03%"
"02-07-2021","168.50","167.70","168.98","167.01","2.03M","0.93%"
"06-07-2021","169.56","172.54","172.54","167.80","4.69M","0.63%"
"07-07-2021","170.98","169.60","174.76","169.38","4.00M","0.84%"
"08-07-2021","167.50","166.95","170.04","165.59","4.63M","-2.04%"
"09-07-2021","171.94","170.00","172.31","169.21","3.18M","2.65%"
"12-07-2021","173.60","170.07","174.10","169.88","3.15M","0.97%"
"13-07-2021","172.62","174.00","174.74","172.42","2.67M","-0.56%"
"14-07-2021","172.52","172.86","174.55","171.01","3.12M","-0.06%"
"15-07-2021","172.85","171.14","173.26","171.10","3.45M","0.19%"
"16-07-2021","170.01","173.74","173.79","169.54","4.36M","-1.64%"
"19-07-2021","162.81","165.65","166.38","161.48","6.74M","-4.24%"
"20-07-2021","168.87","162.94","169.58","162.57","4.24M","3.72%"
"21-07-2021","172.51","170.74","173.62","169.74","3.38M","2.16%"
"22-07-2021","170.90","172.25","173.21","169.05","3.34M","-0.93%"
"23-07-2021","173.18","176.53","179.67","172.95","6.33M","1.33%"
"26-07-2021","172.61","173.25","175.43","172.30","3.12M","-0.33%"
"27-07-2021","172.94","170.46","175.12","169.96","7.92M","0.19%"
"28-07-2021","170.02","173.00","173.45","169.71","7.96M","-1.69%"
"29-07-2021","171.95","171.39","173.82","171.00","3.19M","1.14%"
"30-07-2021","170.53","172.32","173.24","169.82","3.44M","-0.83%"
"02-08-2021","169.27","171.14","173.36","168.76","2.90M","-0.74%"
"03-08-2021","169.04","169.75","170.29","165.30","3.64M","-0.14%"
"04-08-2021","168.06","168.30","170.44","167.32","3.54M","-0.58%"
"05-08-2021","169.63","168.66","170.53","168.32","2.54M","0.93%"
"06-08-2021","171.36","170.53","172.85","169.74","2.83M","1.02%"
"09-08-2021","170.78","170.35","171.12","168.79","2.56M","-0.34%"
"10-08-2021","169.49","170.73","171.70","168.68","3.39M","-0.76%"
"11-08-2021","170.67","169.45","170.73","168.67","3.84M","0.70%"
"12-08-2021","168.52","170.02","170.11","167.97","3.37M","-1.26%"
"13-08-2021","166.08","168.09","168.30","165.61","4.16M","-1.45%"
"16-08-2021","165.75","164.77","165.90","162.63","3.85M","-0.20%"
"17-08-2021","164.65","164.76","166.35","163.35","7.63M","-0.66%"
"18-08-2021","162.13","163.83","165.14","162.06","3.56M","-1.53%"
"19-08-2021","159.03","160.16","161.09","157.33","4.26M","-1.91%"
"20-08-2021","159.75","158.85","159.99","158.06","3.07M","0.45%"
"23-08-2021","160.45","161.23","161.85","160.11","2.01M","0.44%"
"24-08-2021","161.20","160.60","161.90","160.19","2.38M","0.47%"
"25-08-2021","166.18","161.88","167.23","160.50","3.58M","3.09%"
"26-08-2021","165.51","165.97","166.50","164.38","3.16M","-0.40%"
"27-08-2021","168.65","165.35","168.89","165.16","3.00M","1.90%"
"30-08-2021","164.26","168.16","168.30","164.21","2.58M","-2.60%"
"31-08-2021","165.96","164.10","166.43","163.72","3.54M","1.03%"
"01-09-2021","164.44","166.34","167.27","164.13","2.57M","-0.92%"
"02-09-2021","162.05","165.05","165.08","161.14","4.35M","-1.45%"
"03-09-2021","159.30","160.75","161.28","158.16","4.21M","-1.70%"
"07-09-2021","159.72","158.87","160.66","158.57","3.78M","0.26%"
"08-09-2021","158.93","159.19","159.26","156.80","3.06M","-0.49%"
"09-09-2021","159.39","158.78","162.15","158.54","3.30M","0.29%"
"10-09-2021","158.72","161.17","161.46","158.39","2.94M","-0.42%"
"13-09-2021","161.45","160.64","161.80","159.75","3.19M","1.72%"
"14-09-2021","159.48","162.68","165.83","158.78","4.28M","-1.22%"
"15-09-2021","161.34","160.02","162.31","159.21","2.93M","1.17%"
"16-09-2021","162.63","163.10","164.50","162.20","2.76M","0.80%"
"17-09-2021","163.92","161.57","164.25","161.57","6.40M","0.79%"
"20-09-2021","160.57","159.36","162.14","157.95","5.98M","-2.04%"
"21-09-2021","163.27","161.91","165.35","161.69","3.48M","1.68%"
"22-09-2021","167.49","165.62","168.62","164.90","3.56M","2.58%"
"23-09-2021","173.36","169.49","174.10","169.31","4.40M","3.50%"
"24-09-2021","175.72","173.37","176.00","173.30","2.68M","1.36%"
"27-09-2021","176.77","177.67","178.80","176.33","3.70M","0.60%"
"28-09-2021","173.14","175.49","177.24","172.68","3.86M","-2.05%"
"29-09-2021","171.54","172.89","172.98","170.40","2.73M","-0.92%"
"30-09-2021","167.53","172.18","172.36","167.41","3.09M","-2.34%"
"01-10-2021","173.94","168.50","175.12","168.48","3.96M","3.83%"
"04-10-2021","172.66","173.88","177.23","171.88","3.61M","-0.74%"
"05-10-2021","174.76","173.43","176.06","172.64","2.63M","1.22%"
"06-10-2021","173.40","172.55","174.90","169.90","2.92M","-0.78%"
"07-10-2021","174.29","175.50","176.87","173.70","3.58M","0.51%"
"08-10-2021","175.15","173.85","176.98","173.53","2.38M","0.49%"
"11-10-2021","173.46","175.79","176.79","173.33","2.50M","-0.96%"
"12-10-2021","174.91","173.61","176.56","173.10","3.07M","0.84%"
"13-10-2021","168.72","172.78","174.09","167.08","5.61M","-3.54%"
"14-10-2021","171.51","171.00","172.38","169.81","3.06M","1.65%"
"15-10-2021","175.81","173.77","177.77","173.15","3.04M","2.51%"
"18-10-2021","176.82","175.58","177.60","174.33","2.62M","0.57%"
"19-10-2021","177.31","177.73","178.00","176.26","1.40M","0.28%"
"20-10-2021","179.60","176.95","179.77","176.21","2.40M","1.29%"
"21-10-2021","177.47","179.58","179.79","176.01","3.31M","-1.19%"
"22-10-2021","187.08","185.00","189.03","182.20","6.03M","5.42%"
"25-10-2021","182.31","186.73","187.21","181.83","3.89M","-2.55%"
"26-10-2021","180.95","183.42","183.50","177.52","3.83M","-0.75%"
"27-10-2021","178.03","180.10","183.73","177.91","3.31M","-1.61%"
"28-10-2021","174.61","178.40","179.23","173.02","4.87M","-1.92%"
"29-10-2021","173.78","175.63","176.67","173.04","3.46M","-0.48%"
"01-11-2021","174.21","174.58","176.07","173.34","2.25M","0.25%"
"02-11-2021","173.17","175.00","175.20","172.57","3.25M","-0.60%"
"03-11-2021","172.61","172.70","173.83","171.75","3.83M","-0.32%"
"04-11-2021","172.53","172.13","174.02","171.66","3.32M","-0.05%"
"05-11-2021","176.69","176.18","177.79","175.35","3.94M","2.41%"
"08-11-2021","180.05","178.07","182.09","177.79","3.39M","1.90%"
"09-11-2021","179.86","179.76","181.19","178.43","3.20M","-0.11%"
"10-11-2021","181.39","179.36","183.48","179.36","3.30M","0.85%"
"11-11-2021","181.30","181.99","182.73","180.74","2.12M","-0.05%"
"12-11-2021","181.89","180.71","182.38","179.65","2.39M","0.33%"
"15-11-2021","183.13","182.53","183.93","182.04","1.75M","0.68%"
"16-11-2021","180.92","183.40","183.40","179.74","3.30M","-1.21%"
"17-11-2021","179.61","181.18","181.74","178.20","3.54M","-0.72%"
"18-11-2021","176.21","180.00","180.37","175.84","4.02M","-1.89%"
"19-11-2021","173.54","173.73","175.26","171.84","4.46M","-1.52%"
"22-11-2021","170.90","174.99","175.25","170.89","4.65M","-1.52%"
"23-11-2021","170.85","171.30","171.95","167.83","5.89M","-0.03%"
"24-11-2021","171.61","168.48","171.98","167.90","3.59M","0.44%"
"26-11-2021","156.82","165.09","165.24","154.49","6.80M","-8.62%"
"29-11-2021","157.86","160.75","161.41","154.34","6.26M","0.66%"
"30-11-2021","152.30","155.09","155.87","151.70","7.44M","-3.52%"
"01-12-2021","150.06","156.10","157.07","149.89","6.16M","-1.47%"
"02-12-2021","156.77","151.68","157.91","151.46","6.29M","4.47%"
"03-12-2021","155.94","158.08","158.33","153.63","4.07M","-0.53%"
"06-12-2021","160.68","159.07","162.74","158.05","4.14M","3.04%"
"07-12-2021","166.95","164.50","169.16","164.16","5.12M","3.90%"
"08-12-2021","168.93","167.98","170.54","167.28","4.04M","1.19%"
"09-12-2021","168.02","167.85","168.83","166.55","2.25M","-0.54%"
"10-12-2021","167.03","169.38","170.58","165.96","2.77M","-0.59%"
"13-12-2021","163.30","166.40","166.40","161.99","3.48M","-2.23%"
"14-12-2021","162.85","162.14","165.26","161.06","2.96M","-0.28%"
"15-12-2021","162.24","162.71","163.05","158.53","5.01M","-0.37%"
"16-12-2021","163.00","164.00","165.18","161.90","4.90M","0.47%"
"17-12-2021","160.01","161.00","161.32","156.95","9.58M","-1.83%"
"20-12-2021","155.89","157.00","158.21","153.78","3.84M","-2.57%"
"21-12-2021","160.91","157.75","161.05","157.52","3.72M","3.22%"
"22-12-2021","162.47","160.53","163.17","160.45","2.88M","0.97%"
"23-12-2021","164.19","163.86","166.40","163.59","3.14M","1.06%"
"27-12-2021","164.39","165.00","165.00","162.53","1.69M","0.12%"
"28-12-2021","164.41","163.60","166.13","163.60","2.04M","0.01%"
"29-12-2021","163.83","164.62","164.93","163.26","2.08M","-0.35%"
"30-12-2021","164.16","164.62","165.80","164.00","1.63M","0.20%"
"31-12-2021","163.60","164.10","165.17","163.25","1.74M","-0.34%"
"03-01-2022","168.21","164.51","168.40","164.40","3.13M","2.82%"
"04-01-2022","173.61","169.72","174.05","169.60","4.80M","3.21%"
"05-01-2022","171.76","174.71","176.31","171.50","4.49M","-1.07%"
"06-01-2022","172.90","172.54","173.69","169.75","2.65M","0.66%"
"07-01-2022","174.38","172.49","175.36","171.86","3.04M","0.86%"
"10-01-2022","173.74","176.21","176.21","170.50","4.27M","-0.37%"
"11-01-2022","175.38","174.54","175.72","172.49","2.76M","0.94%"
"12-01-2022","174.47","176.23","176.82","174.17","3.22M","-0.52%"
"13-01-2022","173.29","174.92","176.38","172.85","3.81M","-0.68%"
"14-01-2022","168.40","168.71","168.71","164.71","6.51M","-2.82%"
"18-01-2022","166.17","167.91","168.94","164.84","4.34M","-1.32%"
"19-01-2022","161.39","166.73","166.73","161.17","3.59M","-2.88%"
"20-01-2022","160.92","161.12","164.57","159.46","4.21M","-0.29%"
"21-01-2022","158.74","159.95","161.88","157.68","3.78M","-1.35%"
"24-01-2022","158.93","155.82","159.45","152.85","5.41M","0.12%"
"25-01-2022","173.11","166.14","174.47","159.66","13.32M","8.92%"
"26-01-2022","175.32","176.95","179.22","173.03","8.26M","1.28%"
"27-01-2022","171.90","176.70","178.20","170.63","3.65M","-1.95%"
"28-01-2022","177.06","171.76","177.21","169.77","4.27M","3.00%"
"31-01-2022","179.82","175.91","180.13","175.22","5.52M","1.56%"
"01-02-2022","183.54","179.92","184.04","179.00","3.47M","2.07%"
"02-02-2022","184.16","182.51","184.58","181.64","2.84M","0.34%"
"03-02-2022","184.04","184.80","185.80","182.32","3.38M","-0.07%"
"04-02-2022","185.85","184.91","188.68","184.18","4.08M","0.98%"
"07-02-2022","187.87","185.63","188.91","184.75","3.26M","1.09%"
"08-02-2022","194.00","188.08","194.53","187.61","5.13M","3.26%"
"09-02-2022","196.40","194.30","198.72","194.30","4.61M","1.24%"
"10-02-2022","195.51","196.36","198.23","194.61","4.51M","-0.45%"
"11-02-2022","191.81","195.43","197.20","190.45","4.83M","-1.89%"
"14-02-2022","192.35","192.26","194.15","190.92","3.84M","0.28%"
"15-02-2022","197.98","194.65","198.36","194.18","4.14M","2.93%"
"16-02-2022","198.38","197.50","199.55","197.24","4.12M","0.20%"
"17-02-2022","195.71","195.63","197.38","194.27","3.05M","-1.35%"
"18-02-2022","194.88","194.92","197.75","194.20","2.81M","-0.42%"
"22-02-2022","192.44","195.18","196.15","191.75","3.42M","-1.25%"
"23-02-2022","188.95","194.35","194.45","188.55","3.56M","-1.81%"
"24-02-2022","188.35","180.47","188.50","179.05","5.89M","-0.32%"
"25-02-2022","193.71","189.66","194.25","189.46","5.43M","2.85%"
"28-02-2022","194.54","189.63","195.13","189.23","5.79M","0.43%"
"01-03-2022","178.06","194.67","194.77","176.77","8.56M","-8.47%"
"02-03-2022","180.31","179.79","182.24","178.10","4.06M","1.26%"
"03-03-2022","179.89","182.11","183.45","178.73","3.34M","-0.23%"
"04-03-2022","172.95","176.62","176.83","170.82","5.35M","-3.86%"
"07-03-2022","159.13","170.13","170.76","159.08","7.76M","-7.99%"
"08-03-2022","160.05","160.52","166.29","155.72","7.06M","0.58%"
"09-03-2022","168.65","168.02","170.73","166.71","4.79M","5.37%"
"10-03-2022","169.60","165.59","170.96","164.83","3.84M","0.56%"
"11-03-2022","167.90","171.75","172.31","167.63","3.00M","-1.00%"
"14-03-2022","172.79","171.33","174.71","169.71","4.61M","2.91%"
"15-03-2022","176.04","173.59","178.29","173.37","3.83M","1.88%"
"16-03-2022","180.61","179.18","182.76","176.30","5.24M","2.60%"
"17-03-2022","186.97","180.18","187.71","180.06","6.40M","3.52%"
"18-03-2022","190.72","188.69","191.00","184.84","8.74M","2.01%"
"21-03-2022","189.09","190.77","191.50","187.56","3.17M","-0.85%"
"22-03-2022","191.33","190.50","194.35","190.06","3.01M","1.18%"
"23-03-2022","186.02","188.83","189.62","185.18","3.66M","-2.78%"
"24-03-2022","188.89","186.61","189.37","185.70","2.42M","1.54%"
"25-03-2022","190.28","190.41","191.26","189.00","1.87M","0.74%"
"28-03-2022","189.70","189.95","189.95","186.29","3.04M","-0.30%"
"29-03-2022","190.94","192.33","194.00","190.36","2.76M","0.65%"
"30-03-2022","189.76","191.39","192.10","188.40","2.28M","-0.62%"
"31-03-2022","187.00","189.53","191.11","186.94","3.80M","-1.45%"
"01-04-2022","187.17","188.20","189.42","186.28","2.65M","0.09%"
"04-04-2022","187.66","187.62","188.50","185.59","2.97M","0.26%"
"05-04-2022","185.40","187.49","190.84","184.80","2.97M","-1.20%"
"06-04-2022","183.71","184.49","184.87","181.73","3.14M","-0.91%"
"07-04-2022","182.39","181.52","183.26","179.11","4.06M","-0.72%"
"08-04-2022","183.70","183.00","186.72","181.93","3.08M","0.72%"
"11-04-2022","177.57","181.06","182.44","177.25","4.82M","-3.34%"
"12-04-2022","175.54","176.57","179.25","174.71","4.35M","-1.14%"
"13-04-2022","179.59","174.23","180.02","174.00","2.98M","2.31%"
"14-04-2022","181.16","179.27","182.47","178.68","2.67M","0.87%"
"18-04-2022","184.48","181.33","185.89","181.00","2.18M","1.83%"
"19-04-2022","187.17","185.01","188.09","184.71","2.71M","1.46%"
"20-04-2022","188.46","188.33","190.15","187.64","2.26M","0.69%"
"21-04-2022","185.74","190.94","192.42","184.58","3.97M","-1.44%"
"22-04-2022","180.54","185.43","185.55","180.32","4.37M","-2.80%"
"25-04-2022","184.10","179.98","184.26","177.99","4.41M","1.97%"
"26-04-2022","178.65","183.25","183.91","178.54","3.73M","-2.96%"
"27-04-2022","177.63","177.66","179.41","175.50","4.09M","-0.57%"
"28-04-2022","181.98","180.35","183.89","177.61","2.71M","2.45%"
"29-04-2022","174.71","180.09","182.30","174.33","3.21M","-3.99%"
"02-05-2022","171.62","174.65","174.88","167.51","3.88M","-1.77%"
"03-05-2022","172.11","173.00","174.00","170.32","3.15M","0.29%"
"04-05-2022","177.82","172.22","178.17","171.20","2.93M","3.32%"
"05-05-2022","171.01","176.64","176.76","169.33","2.99M","-3.83%"
"06-05-2022","167.15","169.17","169.99","165.01","3.13M","-2.26%"
"09-05-2022","161.02","165.03","166.02","160.38","4.49M","-3.67%"
"10-05-2022","161.83","163.42","164.73","158.39","3.02M","0.50%"
"11-05-2022","159.39","161.73","164.94","159.04","2.64M","-1.51%"
"12-05-2022","153.27","155.60","157.15","149.88","5.31M","-3.84%"
"13-05-2022","158.75","155.96","160.09","155.88","3.63M","3.58%"
"16-05-2022","156.43","157.41","158.74","154.32","2.81M","-1.46%"
"17-05-2022","161.85","161.07","162.76","158.40","2.93M","3.46%"
"18-05-2022","156.10","160.79","160.85","155.40","2.70M","-3.55%"
"19-05-2022","154.00","153.57","156.46","153.25","2.77M","-1.35%"
"20-05-2022","153.24","154.35","154.80","149.71","2.98M","-0.49%"
"23-05-2022","159.04","156.61","159.56","156.02","2.73M","3.78%"
"24-05-2022","155.63","157.29","157.97","152.92","2.82M","-2.14%"
"25-05-2022","160.51","157.14","161.76","156.07","4.38M","3.14%"
"26-05-2022","165.37","162.70","166.77","162.70","2.46M","3.03%"
"27-05-2022","169.60","167.08","169.68","166.04","2.16M","2.56%"
"31-05-2022","168.82","167.94","170.78","167.04","4.12M","-0.46%"
"01-06-2022","165.76","168.70","169.37","163.84","2.28M","-1.81%"
"02-06-2022","169.14","166.14","169.19","165.93","1.71M","2.04%"
"03-06-2022","166.83","166.90","168.04","165.98","1.39M","-1.37%"
"06-06-2022","167.02","169.10","170.26","166.27","1.49M","0.11%"
"07-06-2022","168.69","164.64","169.48","164.45","2.08M","1.00%"
"08-06-2022","165.96","166.75","168.64","165.19","2.31M","-1.62%"
"09-06-2022","160.98","166.22","166.57","160.93","2.27M","-3.00%"
"10-06-2022","154.42","157.26","157.88","154.36","2.73M","-4.08%"
"13-06-2022","146.29","149.86","151.03","145.38","4.16M","-5.26%"
"14-06-2022","144.60","145.95","147.40","143.25","3.57M","-1.16%"
"15-06-2022","146.22","146.69","147.88","143.44","3.33M","1.12%"
"16-06-2022","137.50","142.59","142.60","136.49","4.82M","-5.96%"
"17-06-2022","144.18","138.00","145.56","137.59","10.03M","4.86%"
"21-06-2022","144.76","148.70","148.70","144.16","3.52M","0.40%"
"22-06-2022","144.39","142.23","146.35","141.34","3.42M","-0.26%"
"23-06-2022","141.65","144.52","144.63","139.47","3.92M","-1.90%"
"24-06-2022","146.15","141.63","146.27","141.00","8.96M","3.18%"
"27-06-2022","144.29","147.99","148.77","143.95","3.15M","-1.27%"
"28-06-2022","142.19","146.08","149.51","141.85","2.72M","-1.46%"
"29-06-2022","139.47","141.65","141.68","138.45","4.16M","-1.91%"
"30-06-2022","138.62","136.70","139.87","134.30","4.12M","-0.61%"
"01-07-2022","140.40","138.07","140.89","137.47","2.63M","1.28%"
"05-07-2022","139.65","137.22","139.65","135.65","4.06M","-0.53%"
"06-07-2022","138.15","139.29","140.50","137.85","4.40M","-1.07%"
"07-07-2022","141.03","140.18","142.17","139.15","4.26M","2.08%"
"08-07-2022","141.76","141.74","143.11","139.72","3.63M","0.52%"
"11-07-2022","140.58","140.47","142.31","139.84","2.38M","-0.83%"
"12-07-2022","139.18","137.53","141.89","137.06","4.05M","-1.00%"
"13-07-2022","139.40","136.84","140.02","136.36","2.75M","0.16%"
"14-07-2022","136.48","135.70","137.24","134.12","4.60M","-2.09%"
"15-07-2022","142.48","139.71","143.11","138.87","3.30M","4.40%"
"18-07-2022","142.33","144.34","146.05","141.52","3.33M","-0.11%"
"19-07-2022","147.78","144.40","147.93","144.40","3.37M","3.83%"
"20-07-2022","148.93","146.87","149.10","146.37","2.80M","0.78%"
"21-07-2022","150.18","148.21","150.33","146.45","4.68M","0.84%"
"22-07-2022","153.01","159.01","160.88","152.62","9.30M","1.88%"
"25-07-2022","153.79","154.25","154.78","151.21","4.21M","0.51%"
"26-07-2022","149.83","152.73","153.50","148.84","2.81M","-2.57%"
"27-07-2022","151.63","151.60","152.72","147.27","5.03M","1.20%"
"28-07-2022","152.14","151.76","152.65","147.54","3.59M","0.34%"
"29-07-2022","154.02","152.37","154.38","151.29","3.20M","1.24%"
"01-08-2022","153.33","152.84","154.77","151.80","2.30M","-0.45%"
"02-08-2022","151.60","152.02","153.30","150.84","2.56M","-1.13%"
"03-08-2022","155.43","154.07","156.04","153.31","2.61M","2.53%"
"04-08-2022","156.87","156.02","157.71","155.26","3.69M","0.93%"
"05-08-2022","157.51","156.48","158.04","156.00","2.51M","0.41%"
"08-08-2022","157.28","159.00","160.79","156.94","3.08M","-0.15%"
"09-08-2022","158.80","157.64","158.94","157.27","3.00M","0.97%"
"10-08-2022","162.44","161.77","164.21","161.64","3.23M","2.29%"
"11-08-2022","162.99","164.36","164.92","162.18","1.97M","0.34%"
"12-08-2022","165.84","164.47","166.00","163.28","1.94M","1.75%"
"15-08-2022","165.40","164.28","166.06","163.76","1.85M","-0.27%"
"16-08-2022","165.35","165.00","165.98","163.96","1.88M","-0.03%"
"17-08-2022","163.90","163.30","164.48","162.20","1.80M","-0.88%"
"18-08-2022","164.65","163.93","164.99","163.34","1.40M","0.46%"
"19-08-2022","162.24","163.50","163.93","162.01","1.90M","-1.46%"
"22-08-2022","157.70","158.98","159.19","156.98","1.97M","-2.80%"
"23-08-2022","157.33","158.00","159.60","157.20","2.89M","-0.23%"
"24-08-2022","159.13","157.03","159.56","156.29","2.03M","1.14%"
"25-08-2022","162.23","160.00","162.33","158.78","1.94M","1.95%"
"26-08-2022","157.31","163.21","163.59","157.19","2.37M","-3.03%"
"29-08-2022","154.54","155.88","156.51","154.41","2.69M","-1.76%"
"30-08-2022","154.66","155.64","156.12","152.90","2.10M","0.08%"
"31-08-2022","152.00","155.56","156.37","151.84","3.27M","-1.72%"
"01-09-2022","151.11","150.82","151.37","147.65","2.43M","-0.59%"
"02-09-2022","149.79","153.48","153.98","148.93","2.03M","-0.87%"
"06-09-2022","148.60","150.00","151.31","146.55","2.80M","-0.79%"
"07-09-2022","152.25","148.40","152.70","148.38","1.77M","2.46%"
"08-09-2022","153.52","150.92","153.69","149.51","3.40M","0.83%"
"09-09-2022","158.44","154.45","158.59","154.30","3.54M","3.20%"
"12-09-2022","162.45","159.50","163.45","159.34","4.15M","2.53%"
"13-09-2022","155.35","158.14","159.81","154.84","3.52M","-4.37%"
"14-09-2022","156.30","156.18","157.55","153.50","2.84M","0.61%"
"15-09-2022","156.13","156.43","158.79","155.90","2.37M","-0.11%"
"16-09-2022","153.08","154.08","154.08","150.51","6.53M","-1.95%"
"19-09-2022","155.36","151.25","155.48","150.70","2.47M","1.49%"
"20-09-2022","153.48","153.58","154.59","152.13","1.73M","-1.21%"
"21-09-2022","148.71","154.67","154.81","148.66","2.60M","-3.11%"
"22-09-2022","143.03","148.82","148.89","142.46","3.25M","-3.82%"
"23-09-2022","140.26","140.77","141.96","138.09","3.04M","-1.94%"
"26-09-2022","137.45","140.04","141.29","136.70","3.81M","-2.00%"
"27-09-2022","137.49","139.44","140.38","136.10","2.83M","0.03%"
"28-09-2022","140.56","138.50","141.18","136.52","5.27M","2.23%"
"29-09-2022","137.79","138.39","138.95","135.84","2.28M","-1.97%"
"30-09-2022","134.91","137.40","138.67","134.62","3.72M","-2.09%"
"03-10-2022","140.02","137.95","140.77","134.92","2.68M","3.79%"
"04-10-2022","145.46","143.03","145.55","143.03","2.41M","3.89%"
"05-10-2022","144.37","142.92","145.29","142.08","2.07M","-0.75%"
"06-10-2022","142.38","143.05","145.06","142.13","2.53M","-1.38%"
"07-10-2022","139.00","140.42","141.29","138.08","2.58M","-2.37%"
"10-10-2022","137.51","140.01","140.38","136.65","2.89M","-1.07%"
"11-10-2022","137.35","136.37","139.21","135.39","2.59M","-0.12%"
"12-10-2022","136.74","137.31","138.45","136.11","2.40M","-0.44%"
"13-10-2022","141.55","131.35","142.55","130.65","5.23M","3.52%"
"14-10-2022","136.81","142.96","143.88","136.14","3.87M","-3.35%"
"17-10-2022","141.54","140.58","142.22","140.09","3.14M","3.46%"
"18-10-2022","145.99","146.13","147.05","143.55","3.96M","3.14%"
"19-10-2022","143.97","145.43","147.07","142.60","2.80M","-1.38%"
"20-10-2022","142.42","144.00","147.32","142.15","4.32M","-1.08%"
"21-10-2022","140.04","140.99","141.32","132.21","11.76M","-1.67%"
"24-10-2022","141.63","141.30","143.79","140.37","4.30M","1.14%"
"25-10-2022","147.02","142.48","147.44","141.60","3.89M","3.81%"
"26-10-2022","146.88","147.56","149.50","146.47","3.56M","-0.10%"
"27-10-2022","146.97","148.44","149.71","146.41","2.10M","0.06%"
"28-10-2022","150.44","146.56","150.91","146.05","3.38M","2.36%"
"31-10-2022","148.45","150.00","150.30","148.32","3.04M","-1.32%"
"01-11-2022","147.08","149.96","150.63","146.63","2.68M","-0.92%"
"02-11-2022","143.50","146.58","149.03","143.37","2.85M","-2.43%"
"03-11-2022","139.31","141.09","142.20","138.77","3.96M","-2.92%"
"04-11-2022","144.72","142.40","146.36","141.00","3.32M","3.88%"
"07-11-2022","146.98","146.20","147.54","143.76","2.92M","1.56%"
"08-11-2022","150.20","147.44","151.34","147.14","3.85M","2.19%"
"09-11-2022","145.86","149.47","149.47","145.66","2.43M","-2.89%"
"10-11-2022","154.75","152.79","155.79","151.31","4.70M","6.09%"
"11-11-2022","154.89","156.49","158.88","154.70","3.71M","0.09%"
"14-11-2022","154.13","153.37","156.50","153.06","3.67M","-0.49%"
"15-11-2022","153.89","156.96","157.35","152.32","2.92M","-0.16%"
"16-11-2022","152.57","154.21","155.91","151.85","2.64M","-0.86%"
"17-11-2022","150.64","150.00","151.06","149.22","2.77M","-1.26%"
"18-11-2022","152.50","152.25","153.76","150.94","2.63M","1.23%"
"21-11-2022","152.81","152.25","153.46","151.89","2.00M","0.20%"
"22-11-2022","154.58","154.10","155.15","153.29","2.12M","1.16%"
"23-11-2022","153.93","153.83","154.99","152.88","1.40M","-0.42%"
"25-11-2022","154.15","153.52","154.47","153.17","665.79K","0.14%"
"28-11-2022","150.87","152.69","153.78","150.37","1.78M","-2.13%"
"29-11-2022","154.42","150.96","154.47","150.52","2.66M","2.35%"
"30-11-2022","157.59","153.84","157.59","151.48","3.91M","2.05%"
"01-12-2022","157.50","157.72","158.87","154.75","2.67M","-0.06%"
"02-12-2022","156.75","155.22","157.28","155.00","2.29M","-0.48%"
"05-12-2022","156.08","155.96","159.45","155.55","3.01M","-0.43%"
"06-12-2022","154.70","155.75","158.34","153.32","3.29M","-0.88%"
"07-12-2022","154.77","154.56","156.99","154.31","2.88M","0.05%"
"08-12-2022","154.12","155.89","156.42","153.45","1.63M","-0.42%"
"09-12-2022","153.90","153.99","155.14","152.62","1.76M","-0.14%"
"12-12-2022","157.31","154.26","157.76","154.00","2.77M","2.22%"
"13-12-2022","157.52","160.62","161.55","156.16","3.11M","0.13%"
"14-12-2022","154.11","157.57","158.62","153.84","3.56M","-2.16%"
"15-12-2022","150.22","151.65","152.28","146.47","4.28M","-2.52%"
"16-12-2022","146.30","148.59","148.59","144.15","4.51M","-2.61%"
"19-12-2022","145.01","146.04","146.74","143.66","2.55M","-0.88%"
"20-12-2022","145.70","144.99","146.50","144.25","1.61M","0.48%"
"21-12-2022","147.10","147.06","147.78","146.37","2.11M","0.96%"
"22-12-2022","145.31","146.05","146.70","142.72","2.90M","-1.22%"
"23-12-2022","147.02","145.23","147.14","144.52","1.67M","1.18%"
"27-12-2022","146.39","147.29","147.86","145.67","1.86M","-0.43%"
"28-12-2022","144.01","146.21","146.82","143.94","1.49M","-1.63%"
"29-12-2022","147.32","145.08","147.62","144.40","1.76M","2.30%"
"30-12-2022","147.75","146.01","147.93","145.73","2.25M","0.29%"
"03-01-2023","147.12","149.54","150.45","145.73","2.76M","-0.43%"
"04-01-2023","150.54","148.56","151.96","148.56","2.62M","2.32%"
"05-01-2023","146.43","147.16","148.72","146.02","2.51M","-2.73%"
"06-01-2023","150.17","147.74","150.43","145.48","3.08M","2.55%"
"09-01-2023","150.40","151.35","152.45","150.10","3.22M","0.15%"
"10-01-2023","152.00","150.51","152.18","149.28","2.20M","1.06%"
"11-01-2023","153.92","152.30","154.11","152.27","3.11M","1.26%"
"12-01-2023","154.92","154.76","155.75","152.40","3.32M","0.65%"
"13-01-2023","155.76","153.24","156.25","152.30","2.39M","0.54%"
"17-01-2023","153.75","155.54","156.10","153.37","3.07M","-1.29%"
"18-01-2023","150.42","154.49","154.76","150.32","2.76M","-2.17%"
"19-01-2023","146.85","146.61","148.00","144.20","3.85M","-2.37%"
"20-01-2023","151.60","147.96","151.78","147.72","3.95M","3.23%"
"23-01-2023","154.00","152.00","155.06","151.55","3.61M","1.58%"
"24-01-2023","155.33","154.00","156.67","152.66","2.35M","0.86%"
"25-01-2023","156.77","153.49","157.05","153.37","2.92M","0.93%"
"26-01-2023","155.88","157.65","158.23","154.29","3.64M","-0.57%"
"27-01-2023","172.31","166.80","175.54","165.50","14.00M","10.54%"
"30-01-2023","172.66","174.79","177.86","172.51","10.24M","0.20%"
"31-01-2023","174.93","172.91","175.31","171.90","5.17M","1.31%"
"01-02-2023","173.61","173.38","175.12","171.93","3.73M","-0.75%"
"02-02-2023","173.13","174.16","175.22","171.08","6.90M","-0.28%"
"03-02-2023","178.86","171.56","180.40","171.21","5.31M","3.31%"
"06-02-2023","176.48","176.74","177.75","175.69","3.40M","-1.33%"
"07-02-2023","178.70","175.05","179.03","174.75","3.53M","1.26%"
"08-02-2023","179.00","179.75","180.10","177.88","2.93M","0.17%"
"09-02-2023","179.37","179.15","182.08","178.48","3.56M","0.21%"
"10-02-2023","179.25","178.57","179.73","176.49","2.59M","-0.07%"
"13-02-2023","181.33","179.24","181.38","178.28","3.10M","1.16%"
"14-02-2023","181.02","180.31","182.15","178.79","2.33M","-0.17%"
"15-02-2023","180.67","178.92","180.74","178.50","1.50M","-0.19%"
"16-02-2023","177.94","179.48","179.88","177.68","1.90M","-1.51%"
"17-02-2023","177.30","176.05","177.61","174.65","2.36M","-0.36%"
"21-02-2023","173.48","175.12","176.50","173.32","2.71M","-2.15%"
"22-02-2023","174.70","173.56","176.02","172.93","2.47M","0.70%"
"23-02-2023","175.14","175.24","176.60","172.85","2.58M","0.25%"
"24-02-2023","174.25","173.69","174.94","172.19","1.67M","-0.51%"
"27-02-2023","173.30","175.53","175.69","173.08","1.91M","-0.55%"
"28-02-2023","173.99","174.01","175.34","173.58","2.30M","0.40%"
"01-03-2023","175.91","173.51","177.20","173.01","2.57M","1.10%"
"02-03-2023","175.34","174.04","175.82","172.66","1.80M","-0.32%"
"03-03-2023","179.09","176.01","179.39","175.23","2.88M","2.14%"
"06-03-2023","179.06","178.56","180.51","178.46","2.73M","-0.02%"
"07-03-2023","175.32","178.67","178.90","175.08","2.91M","-2.09%"
"08-03-2023","174.83","175.83","176.22","173.57","2.10M","-0.28%"
"09-03-2023","172.12","179.60","180.27","171.96","4.35M","-1.55%"
"10-03-2023","165.70","170.83","170.83","164.84","5.10M","-3.73%"
"13-03-2023","157.63","161.49","161.99","157.42","6.12M","-4.87%"
"14-03-2023","163.91","161.50","164.32","160.88","5.28M","3.98%"
"15-03-2023","159.81","157.91","159.96","155.93","6.10M","-2.50%"
"16-03-2023","160.73","158.06","161.92","156.10","4.74M","0.58%"
"17-03-2023","156.52","158.22","158.65","154.90","7.45M","-2.62%"
"20-03-2023","158.74","158.37","160.69","157.57","3.05M","1.42%"
"21-03-2023","164.56","162.94","164.57","161.70","3.99M","3.67%"
"22-03-2023","162.75","164.63","166.77","162.50","4.37M","-1.10%"
"23-03-2023","162.76","162.67","166.24","160.82","3.73M","0.01%"
"24-03-2023","159.78","160.52","160.71","157.82","2.59M","-1.83%"
"27-03-2023","163.12","163.95","164.47","161.83","3.97M","2.09%"
"28-03-2023","159.21","162.21","162.59","158.19","4.88M","-2.40%"
"29-03-2023","163.59","161.70","164.19","161.08","3.88M","2.75%"
"30-03-2023","162.41","163.96","164.96","161.81","2.64M","-0.72%"
"31-03-2023","164.95","163.67","165.08","161.75","3.59M","1.56%"
"03-04-2023","163.78","164.11","165.24","162.68","2.70M","-0.71%"
"04-04-2023","162.56","165.01","165.19","160.83","2.06M","-0.74%"
"05-04-2023","161.08","160.56","161.60","160.19","2.35M","-0.91%"
"06-04-2023","158.83","160.63","160.79","158.23","3.75M","-1.40%"
"10-04-2023","161.14","158.04","161.17","157.80","2.37M","1.45%"
"11-04-2023","161.83","161.67","162.58","160.32","2.74M","0.43%"
"12-04-2023","159.29","163.22","163.22","158.87","2.82M","-1.57%"
"13-04-2023","162.30","159.80","162.42","158.98","2.73M","1.89%"
"14-04-2023","163.22","164.24","164.77","161.46","2.62M","0.57%"
"17-04-2023","163.71","161.94","163.74","160.88","2.62M","0.30%"
"18-04-2023","164.40","164.60","165.05","163.28","2.44M","0.42%"
"19-04-2023","164.95","164.37","166.55","163.74","3.77M","0.33%"
"20-04-2023","163.28","159.00","163.75","154.01","10.83M","-1.01%"
"21-04-2023","163.78","163.02","164.77","161.23","3.88M","0.31%"
"24-04-2023","160.59","164.23","164.30","160.40","2.47M","-1.95%"
"25-04-2023","156.12","158.91","159.25","155.96","3.42M","-2.78%"
"26-04-2023","155.72","155.77","157.26","155.08","2.79M","-0.26%"
"27-04-2023","158.45","156.54","158.70","155.91","2.14M","1.75%"
"28-04-2023","161.34","157.30","161.38","156.88","2.38M","1.82%"
"01-05-2023","159.32","161.85","161.85","158.68","1.80M","-1.25%"
"02-05-2023","153.25","158.35","158.35","151.91","4.93M","-3.81%"
"03-05-2023","152.21","153.26","154.98","151.84","2.66M","-0.68%"
"04-05-2023","148.81","151.03","151.25","147.40","4.00M","-2.23%"
"05-05-2023","152.65","151.29","153.32","151.12","2.22M","2.58%"
"08-05-2023","153.04","153.41","154.58","152.95","2.27M","0.26%"
"09-05-2023","153.38","152.00","153.73","151.88","2.32M","0.22%"
"10-05-2023","148.68","153.61","154.67","147.95","4.60M","-3.06%"
"11-05-2023","147.99","147.97","148.50","146.27","2.90M","-0.46%"
"12-05-2023","147.93","149.32","149.32","147.09","2.32M","-0.04%"
"15-05-2023","150.00","148.18","150.21","147.93","2.27M","1.40%"
"16-05-2023","148.41","150.19","152.41","148.37","1.96M","-1.06%"
"17-05-2023","152.09","149.82","152.88","149.30","2.45M","2.48%"
"18-05-2023","153.48","152.25","154.12","151.06","2.63M","0.91%"
"19-05-2023","152.95","154.57","154.91","152.14","2.26M","-0.35%"
"22-05-2023","155.51","153.67","155.90","153.28","2.48M","1.67%"
"23-05-2023","152.56","154.47","155.76","152.50","2.93M","-1.90%"
"24-05-2023","150.72","151.50","151.70","150.12","2.31M","-1.21%"
"25-05-2023","151.08","149.60","151.50","149.37","3.23M","0.24%"
"26-05-2023","157.24","152.81","158.25","152.53","4.02M","4.08%"
"30-05-2023","158.01","157.15","158.95","156.66","3.27M","0.49%"
"31-05-2023","158.56","157.67","159.60","156.26","5.59M","0.35%"
"01-06-2023","162.72","159.06","163.99","158.23","4.09M","2.62%"
"02-06-2023","168.56","164.99","169.85","164.49","4.82M","3.59%"
"05-06-2023","167.43","168.24","168.24","165.83","3.11M","-0.67%"
"06-06-2023","171.82","167.85","172.65","167.50","3.63M","2.62%"
"07-06-2023","171.55","173.65","173.65","170.70","2.79M","-0.16%"
"08-06-2023","171.14","170.65","171.53","169.56","2.35M","-0.24%"
"09-06-2023","171.72","171.94","172.22","170.94","2.20M","0.34%"
"12-06-2023","173.64","172.01","173.93","171.93","2.61M","1.12%"
"13-06-2023","175.14","174.41","176.12","174.21","2.48M","0.86%"
"14-06-2023","174.47","176.02","177.04","173.39","2.33M","-0.38%"
"15-06-2023","173.81","171.41","174.53","169.57","2.80M","-0.38%"
"16-06-2023","172.21","174.20","174.58","171.55","4.62M","-0.92%"
"20-06-2023","169.41","171.00","171.22","168.33","2.87M","-1.63%"
"21-06-2023","167.92","169.10","169.10","166.95","2.81M","-0.88%"
"22-06-2023","168.26","167.28","168.50","165.23","2.76M","0.20%"
"23-06-2023","168.07","166.00","168.60","165.74","4.21M","-0.11%"
"26-06-2023","167.11","168.53","170.50","167.06","2.51M","-0.57%"
"27-06-2023","168.19","166.35","168.38","166.18","2.43M","0.65%"
"28-06-2023","169.78","167.26","169.87","167.20","2.29M","0.95%"
"29-06-2023","172.08","170.58","172.31","170.32","2.90M","1.35%"
"30-06-2023","174.20","174.24","175.09","173.33","3.37M","1.23%"
"03-07-2023","175.44","174.30","176.32","173.70","1.70M","0.71%"
"05-07-2023","175.57","174.38","176.57","174.04","2.49M","0.07%"
"06-07-2023","170.94","171.74","172.31","168.23","3.16M","-2.64%"
"07-07-2023","169.80","169.13","171.57","168.67","2.15M","-0.67%"
"10-07-2023","171.71","169.86","171.83","169.45","1.87M","1.12%"
"11-07-2023","174.64","172.50","175.58","172.32","2.28M","1.71%"
"12-07-2023","174.33","177.00","177.91","174.31","2.31M","-0.18%"
"13-07-2023","174.24","175.42","176.10","173.90","2.08M","-0.05%"
"14-07-2023","173.39","175.36","175.66","172.52","1.83M","-0.49%"
"17-07-2023","175.39","172.94","176.26","172.84","2.14M","1.15%"
"18-07-2023","178.04","175.19","178.44","174.43","2.69M","1.51%"
"19-07-2023","177.12","178.25","178.79","176.31","2.75M","-0.52%"
"20-07-2023","177.11","175.56","177.22","174.05","3.94M","-0.01%"
"21-07-2023","170.22","172.17","173.34","167.42","9.10M","-3.89%"
"24-07-2023","167.79","167.59","169.00","166.93","4.98M","-1.43%"
"25-07-2023","166.50","167.35","168.95","166.42","3.29M","-0.77%"
"26-07-2023","167.75","166.17","168.43","166.06","2.35M","0.75%"
"27-07-2023","163.60","168.53","168.54","163.17","3.94M","-2.47%"
"28-07-2023","165.43","165.29","166.58","164.64","2.93M","1.12%"
"31-07-2023","168.88","166.51","168.99","166.51","3.35M","2.09%"
"01-08-2023","169.65","167.95","169.80","167.26","2.34M","0.46%"
"02-08-2023","166.75","167.28","167.75","166.04","2.24M","-1.71%"
"03-08-2023","166.41","165.84","166.66","165.03","1.71M","-0.20%"
"04-08-2023","165.41","166.53","168.10","165.06","2.26M","-0.60%"
"07-08-2023","166.96","166.85","167.33","166.14","2.03M","0.94%"
"08-08-2023","165.87","164.90","165.99","163.59","2.10M","-0.65%"
"09-08-2023","163.82","165.94","166.29","163.50","2.45M","-1.24%"
"10-08-2023","163.54","164.71","166.50","162.72","2.56M","-0.17%"
"11-08-2023","165.27","162.67","165.78","162.60","2.10M","1.06%"
"14-08-2023","166.08","164.33","166.48","163.77","1.83M","0.49%"
"15-08-2023","161.91","164.39","164.81","161.70","2.45M","-2.51%"
"16-08-2023","160.76","161.27","162.96","160.64","1.99M","-0.71%"
"17-08-2023","160.58","161.91","162.61","160.38","2.47M","-0.11%"
"18-08-2023","160.23","159.23","160.80","158.94","2.14M","-0.22%"
"21-08-2023","160.88","160.88","161.65","160.08","2.07M","0.41%"
"22-08-2023","159.08","160.76","161.26","158.61","2.26M","-1.12%"
"23-08-2023","159.44","159.33","160.08","158.70","2.04M","0.23%"
"24-08-2023","157.79","159.01","161.42","157.74","2.47M","-1.03%"
"25-08-2023","158.32","158.44","159.64","157.33","2.97M","0.34%"
"28-08-2023","159.19","158.98","160.91","158.76","2.51M","0.55%"
"29-08-2023","160.24","158.89","160.79","158.30","2.18M","0.66%"
"30-08-2023","160.17","160.27","161.86","160.12","3.04M","-0.04%"
"31-08-2023","157.99","160.66","160.94","157.74","3.65M","-1.36%"
"01-09-2023","159.62","159.07","160.16","158.71","2.20M","1.03%"
"05-09-2023","160.00","160.11","161.86","159.35","4.15M","0.24%"
"06-09-2023","158.00","159.07","159.84","156.86","2.95M","-1.25%"
"07-09-2023","156.78","157.26","157.63","156.07","2.62M","-0.77%"
"08-09-2023","157.43","157.02","157.79","156.71","1.93M","0.41%"
"11-09-2023","157.83","158.37","159.16","157.40","2.61M","0.25%"
"12-09-2023","158.50","157.65","159.72","157.45","2.66M","0.42%"
"13-09-2023","159.14","159.34","160.70","158.62","2.98M","0.40%"
"14-09-2023","161.78","160.57","161.96","160.00","3.21M","1.66%"
"15-09-2023","163.75","162.03","164.33","161.82","7.27M","1.22%"
"18-09-2023","159.63","163.79","163.95","159.35","2.41M","-2.52%"
"19-09-2023","159.35","159.05","159.87","158.45","2.23M","-0.18%"
"20-09-2023","157.23","160.00","160.20","156.88","1.97M","-1.33%"
"21-09-2023","154.71","155.83","156.87","154.44","2.71M","-1.60%"
"22-09-2023","153.08","155.00","155.04","152.92","2.38M","-1.05%"
"25-09-2023","153.23","152.21","153.31","151.75","2.43M","0.10%"
"26-09-2023","151.12","151.75","152.96","150.16","2.33M","-1.38%"
"27-09-2023","149.90","151.50","151.50","148.97","3.71M","-0.81%"
"28-09-2023","150.23","149.77","150.88","149.02","3.49M","0.22%"
"29-09-2023","149.19","151.45","151.69","148.67","3.58M","-0.69%"
"02-10-2023","149.48","148.42","149.90","148.07","2.66M","0.19%"
"03-10-2023","145.05","148.50","149.18","144.31","4.18M","-2.96%"
"04-10-2023","146.63","145.90","146.92","144.40","3.48M","1.09%"
"05-10-2023","147.09","145.58","147.54","144.77","2.71M","0.31%"
"06-10-2023","149.32","146.71","150.35","146.14","3.20M","1.52%"
"09-10-2023","148.82","147.60","149.45","147.42","2.28M","-0.33%"
"10-10-2023","150.93","149.50","151.73","149.00","2.91M","1.42%"
"11-10-2023","151.51","151.43","152.81","149.76","1.73M","0.38%"
"12-10-2023","151.28","152.50","152.72","150.11","2.38M","-0.15%"
"13-10-2023","151.10","152.92","154.14","150.43","2.95M","-0.12%"
"16-10-2023","152.79","152.37","153.41","151.21","2.59M","1.12%"
"17-10-2023","154.39","151.56","154.73","151.50","3.92M","1.05%"
"18-10-2023","151.53","153.12","153.59","151.13","2.63M","-1.85%"
"19-10-2023","149.62","150.41","156.05","149.01","4.64M","-1.26%"
"20-10-2023","141.57","144.70","147.94","141.44","8.27M","-5.38%"
"23-10-2023","144.59","141.50","145.85","140.91","5.31M","2.13%"
"24-10-2023","144.42","145.85","146.51","143.54","3.52M","-0.12%"
"25-10-2023","143.52","144.09","144.84","143.23","2.84M","-0.62%"
"26-10-2023","143.34","143.37","144.91","142.99","3.38M","-0.13%"
"27-10-2023","141.31","143.85","143.96","141.02","3.44M","-1.42%"
"30-10-2023","143.27","142.72","143.86","141.73","3.30M","1.39%"
"31-10-2023","146.03","143.33","146.68","143.07","3.74M","1.93%"
"01-11-2023","146.45","146.49","146.82","145.14","2.33M","0.29%"
"02-11-2023","150.85","148.33","150.91","148.33","3.11M","3.00%"
"03-11-2023","152.76","152.58","153.88","152.40","2.67M","1.27%"
"06-11-2023","152.99","152.60","153.07","151.51","2.49M","0.15%"
"07-11-2023","152.98","152.97","153.79","152.35","1.58M","-0.01%"
"08-11-2023","153.01","152.97","153.80","152.43","1.80M","0.02%"
"09-11-2023","152.37","153.68","154.16","152.05","2.05M","-0.42%"
"10-11-2023","154.38","153.04","154.48","152.10","2.09M","1.32%"
"13-11-2023","154.34","154.08","155.26","153.50","1.75M","-0.03%"
"14-11-2023","156.91","156.60","157.91","156.03","2.97M","1.67%"
"15-11-2023","159.43","157.53","159.44","157.00","3.27M","1.61%"
"16-11-2023","159.05","159.65","160.10","157.97","3.75M","-0.24%"
"17-11-2023","162.56","159.91","162.58","159.91","2.98M","2.21%"
"20-11-2023","163.85","162.91","164.65","162.76","3.24M","0.79%"
"21-11-2023","162.29","163.65","164.12","161.73","2.76M","-0.95%"
"22-11-2023","163.79","163.28","164.68","162.85","2.53M","0.92%"
"24-11-2023","164.42","164.56","165.22","163.97","950.73K","0.38%"
"27-11-2023","164.04","163.76","164.51","163.32","2.15M","-0.23%"
"28-11-2023","165.66","163.92","165.98","163.61","2.12M","0.99%"
"29-11-2023","167.43","166.40","168.72","166.40","2.72M","1.07%"
"30-11-2023","170.77","168.00","171.16","167.53","4.25M","1.99%"
"01-12-2023","173.76","170.67","174.34","170.31","3.41M","1.75%"
"04-12-2023","173.25","172.86","175.31","172.66","3.63M","-0.29%"
"05-12-2023","170.68","172.10","172.71","165.93","6.45M","-1.48%"
"06-12-2023","167.51","171.73","172.38","167.18","3.89M","-1.86%"
"07-12-2023","168.62","168.46","169.22","167.74","2.80M","0.66%"
"08-12-2023","168.43","168.34","169.13","167.57","2.68M","-0.11%"
"11-12-2023","168.39","168.40","169.51","167.86","2.81M","-0.02%"
"12-12-2023","171.04","168.39","171.08","167.77","2.95M","1.57%"
"13-12-2023","174.56","171.21","174.66","170.15","3.21M","2.06%"
"14-12-2023","178.86","175.74","179.90","175.60","4.55M","2.46%"
"15-12-2023","180.51","177.54","181.18","177.50","7.14M","0.92%"
"18-12-2023","182.76","181.38","182.84","181.03","2.81M","1.25%"
"19-12-2023","185.75","183.21","185.77","183.19","3.98M","1.64%"
"20-12-2023","180.65","185.35","185.65","180.54","4.02M","-2.75%"
"21-12-2023","184.79","181.83","185.21","181.83","3.50M","2.29%"
"22-12-2023","185.57","185.64","186.37","184.63","2.78M","0.42%"
"26-12-2023","185.96","185.96","186.18","185.13","1.23M","0.21%"
"27-12-2023","187.06","186.14","187.13","185.62","1.83M","0.59%"
"28-12-2023","187.80","187.12","188.07","187.00","1.49M","0.40%"
"29-12-2023","187.34","187.75","188.30","186.53","1.91M","-0.24%"